cz.1start;188.92.40.0/21
cz.1start;185.255.240.0/22
cz.2connect;109.205.72.0/21
cz.2connect;31.170.176.0/21
cz.2connect;188.92.96.0/21
cz.2connect;185.124.80.0/22
cz.abak;81.90.240.0/20
cz.abak;84.246.160.0/21
cz.abak;185.153.72.0/22
cz.abak;45.11.132.0/22
cz.abak;45.14.156.0/22
cz.abak;45.83.212.0/22
cz.abak;45.87.12.0/22
cz.able;95.140.240.0/20
cz.abnet;188.95.56.0/21
cz.abnet;185.88.248.0/22
cz.abratica;185.138.108.0/22
cz.active24;45.10.97.0/24
cz.active24;45.148.80.0/22
cz.acvyskov;94.199.192.0/21
cz.acvyskov;185.131.244.0/22
cz.adminit;5.198.128.0/22
cz.adminit;185.239.216.0/22
cz.advnet;185.3.156.0/22
cz.advnet;193.35.92.0/22
cz.agrostroj;194.55.181.0/24
cz.agrostroj;194.55.182.0/24
cz.agrostroj;194.55.255.0/24
cz.agrostroj;194.56.230.0/24
cz.ahosting;95.215.80.0/22
cz.airwaynet;94.230.144.0/20
cz.airwaynet;185.224.112.0/22
cz.airweb;185.40.80.0/22
cz.alberon;46.229.112.0/20
cz.alfatelecom;92.253.128.0/17
cz.alfatelecom;91.201.20.0/22
cz.alfatelecom;92.38.0.0/17
cz.alfatelecom;93.170.0.0/15
cz.alfatelecom;95.46.0.0/15
cz.alfatelecom;31.148.0.0/16
cz.alfatelecom;146.120.0.0/16
cz.alfatelecom;146.158.0.0/17
cz.alfatelecom;151.249.128.0/17
cz.alfatelecom;185.67.252.0/22
cz.altnet;109.71.208.0/21
cz.altronbs;185.49.188.0/22
cz.alzacz;185.181.176.0/22
cz.amccomp;185.59.144.0/22
cz.amccomp;185.179.32.0/22
cz.amccomp;185.234.132.0/22
cz.amccomp;85.209.28.0/22
cz.amccz1;5.183.12.0/22
cz.amigonet;185.61.84.0/22
cz.amigonet;185.219.16.0/22
cz.amigonet;185.244.188.0/22
cz.anafra;185.32.160.0/22
cz.anect;85.239.64.0/19
cz.anet;62.201.16.0/20
cz.anet;185.185.128.0/22
cz.antiddos;188.93.113.0/24
cz.apelby;185.115.104.0/22
cz.apptocloud;130.185.176.0/21
cz.apptocloud;185.108.28.0/22
cz.aqua;95.173.192.0/21
cz.astana;185.175.8.0/22
cz.astelnet;89.107.128.0/21
cz.astelnet;185.173.156.0/22
cz.asw;69.94.64.0/20
cz.asw;31.14.72.0/22
cz.asw;37.156.184.0/22
cz.asw;77.234.40.0/21
cz.asw;5.45.56.0/21
cz.asw;185.51.228.0/22
cz.asw;185.167.64.0/22
cz.asw;185.167.68.0/22
cz.asw;185.189.92.0/22
cz.atc;185.107.236.0/24
cz.atlelektro;46.255.8.0/21
cz.atlelektro;185.207.168.0/22
cz.avx;109.75.0.0/20
cz.becolink;213.226.192.0/20
cz.becolink;46.30.64.0/21
cz.becolink;185.174.44.0/22
cz.bee;185.95.116.0/22
cz.bkom;91.201.32.0/22
cz.blondbrown;45.140.240.0/22
cz.blue4;77.236.192.0/19
cz.blue4;37.44.208.0/22
cz.blueboardcz;185.234.28.0/22
cz.bmb-green;185.170.228.0/22
cz.bnv-tech;130.193.16.0/21
cz.boknet;94.199.96.0/22
cz.bosson;185.205.136.0/22
cz.boxnet;185.16.81.0/24
cz.brazdimnet;109.233.64.0/21
cz.brouzdal;185.36.160.0/22
cz.btmedia;185.230.172.0/22
cz.btmedia;176.119.192.0/24
cz.bubakovnet;185.64.40.0/22
cz.businesscom;109.235.200.0/21
cz.businesscom;5.145.144.0/21
cz.businesscom;185.95.200.0/22
cz.businesscom;185.187.200.0/22
cz.bydzovsky;5.180.200.0/22
cz.c2net;93.185.0.0/20
cz.c4c;92.62.124.0/22
cz.casablanca;217.11.224.0/20
cz.casablanca;217.11.240.0/20
cz.casablanca;81.0.192.0/18
cz.casablanca;82.208.0.0/18
cz.casablanca;85.239.224.0/19
cz.casablanca;77.78.64.0/18
cz.casablanca;109.123.192.0/18
cz.cbezdrat;84.19.64.0/19
cz.ccinternet;147.161.24.0/22
cz.ccinternet;212.69.128.0/22
cz.ccinternet;185.148.212.0/22
cz.cdt;195.146.96.0/19
cz.cdt;212.11.96.0/19
cz.cdt;213.235.128.0/18
cz.cdt;81.19.32.0/20
cz.cdt;82.202.64.0/18
cz.cdt;82.117.128.0/19
cz.cdt;85.184.16.0/20
cz.cdt;85.13.64.0/18
cz.cdt;89.203.128.0/17
cz.cdt;131.117.192.0/21
cz.cdt;185.134.0.0/22
cz.cendis;45.87.236.0/22
cz.cerberos;81.25.16.0/20
cz.cerberos;109.234.40.0/21
cz.cerberos;185.255.116.0/22
cz.cesal;194.149.91.0/24
cz.cesal;194.149.93.0/24
cz.cesal;194.153.80.0/24
cz.cesal;194.153.95.0/24
cz.ceska;185.167.208.0/22
cz.cetin;80.74.32.0/20
cz.cetin;85.162.0.0/15
cz.cetin;194.147.12.0/22
cz.ceznet;89.111.64.0/18
cz.chalabala;185.211.192.0/22
cz.chcemenet;45.153.192.0/22
cz.cloud4com;77.223.216.0/21
cz.cloud4com;185.10.84.0/22
cz.cloud4com3;212.6.38.0/24
cz.cloudinfrastackcom;185.120.68.0/22
cz.cmis;185.219.168.0/22
cz.commercemedia;5.182.148.0/22
cz.comsource;185.45.200.0/22
cz.comtex;185.155.32.0/22
cz.connect;185.140.244.0/22
cz.conversa;195.85.23.0/24
cz.conversa;185.229.206.0/24
cz.coolhousing;87.236.192.0/21
cz.coolhousing;89.187.128.0/19
cz.coolhousing;46.29.184.0/21
cz.coolhousing;91.245.16.0/21
cz.coolhousing;185.162.4.0/22
cz.coprosys;80.82.144.0/20
cz.coprosys;81.92.144.0/20
cz.coprosys;77.104.192.0/18
cz.coprosys;94.138.96.0/19
cz.coprosys;178.23.232.0/21
cz.coprosys;5.59.0.0/16
cz.coprosys;185.67.132.0/22
cz.core4net;93.91.240.0/20
cz.core4net;79.142.144.0/20
cz.core4net;185.51.28.0/22
cz.core4net;185.170.240.0/22
cz.core4net;185.180.0.0/22
cz.corsat;185.186.196.0/22
cz.cortex;185.250.100.0/22
cz.cra;212.158.128.0/19
cz.cra;82.99.128.0/18
cz.cra;84.244.64.0/18
cz.cra;85.207.0.0/16
cz.crfreenet;185.133.240.0/22
cz.csc;91.205.40.0/24
cz.ctu;185.68.212.0/22
cz.cubesol;185.233.20.0/22
cz.cz;91.102.96.0/21
cz.cz;94.198.112.0/21
cz.cz;185.45.56.0/22
cz.czechitc;185.119.96.0/22
cz.cznet;194.228.0.0/19
cz.cznet;194.228.32.0/19
cz.cznet;194.228.64.0/18
cz.cznet;194.228.128.0/17
cz.cznet;80.188.0.0/16
cz.cznet;81.90.160.0/20
cz.cznet;217.117.208.0/20
cz.cznet;83.208.0.0/16
cz.cznet;160.218.0.0/16
cz.cznet;83.69.32.0/19
cz.cznet;85.160.0.0/15
cz.cznet;85.70.0.0/15
cz.cznet;85.193.0.0/18
cz.cznet;88.100.0.0/14
cz.cznet;88.83.160.0/19
cz.cznet;90.176.32.0/19
cz.cznet;90.176.64.0/18
cz.cznet;90.176.128.0/17
cz.cznet;90.177.0.0/16
cz.cznet;90.178.0.0/15
cz.cznet;90.180.0.0/14
cz.cznet;92.243.192.0/19
cz.cznet;217.194.160.0/20
cz.cznet;109.80.0.0/15
cz.cznet;37.188.128.0/17
cz.cznet;185.61.228.0/22
cz.cznetsro;185.102.96.0/22
cz.cznetsro;185.112.164.0/22
cz.dalunet;91.205.92.0/22
cz.datacamp;89.187.160.0/19
cz.datacamp;185.93.0.0/22
cz.datadelivery;185.102.216.0/22
cz.datapeer;185.180.12.0/22
cz.datonet;89.190.32.0/21
cz.datonet;185.73.160.0/22
cz.dexnet;185.243.168.0/22
cz.dexus;176.119.212.0/24
cz.diadema;188.94.232.0/21
cz.dialtelecom;194.213.224.0/19
cz.dialtelecom;195.250.128.0/19
cz.dialtelecom;62.44.0.0/19
cz.dialtelecom;195.128.192.0/19
cz.dialtelecom;212.24.128.0/19
cz.dialtelecom;212.27.192.0/19
cz.dialtelecom;212.80.64.0/19
cz.dialtelecom;212.20.96.0/19
cz.dialtelecom;213.151.64.0/19
cz.dialtelecom;195.122.192.0/19
cz.dialtelecom;213.175.32.0/19
cz.dialtelecom;62.4.96.0/21
cz.dialtelecom;62.4.104.0/22
cz.dialtelecom;62.4.108.0/22
cz.dialtelecom;62.4.112.0/20
cz.dialtelecom;62.177.64.0/18
cz.dialtelecom;213.191.96.0/19
cz.dialtelecom;82.113.32.0/19
cz.dialtelecom;82.100.0.0/18
cz.dialtelecom;82.119.240.0/20
cz.dialtelecom;83.148.0.0/18
cz.dialtelecom;85.93.96.0/19
cz.dialtelecom;88.208.64.0/18
cz.dialtelecom;88.146.0.0/17
cz.dialtelecom;89.235.0.0/18
cz.dialtelecom;95.80.192.0/18
cz.dialtelecom;109.235.176.0/21
cz.dialtelecom;46.227.8.0/21
cz.dialtelecom;151.237.224.0/21
cz.dialtelecom;185.24.236.0/22
cz.digiact;45.155.12.0/22
cz.diovetechsro3;192.144.56.0/22
cz.diovetechsro3;45.135.180.0/22
cz.diovetechsro3;45.150.36.0/22
cz.dobnet;139.28.116.0/22
cz.doubrava-net;185.93.60.0/22
cz.dragon;213.168.176.0/20
cz.dragon;178.209.128.0/19
cz.drmax;193.43.30.0/23
cz.drmax;193.43.32.0/23
cz.ecay;185.75.232.0/22
cz.economia;46.255.224.0/21
cz.economia;185.3.8.0/22
cz.ehamnet;151.249.104.0/21
cz.ehamnet;185.91.204.0/22
cz.eldata;185.91.164.0/22
cz.eldata;185.142.208.0/22
cz.embedit;185.33.156.0/22
cz.emclient;185.138.220.0/22
cz.emerald;79.133.178.0/23
cz.emerald;176.96.224.0/19
cz.emerald;176.118.208.0/20
cz.emerald;185.42.228.0/22
cz.empecom;185.156.36.0/22
cz.eontelco;45.135.84.0/22
cz.ethernet;83.136.200.0/21
cz.ethernet;185.161.240.0/22
cz.etnetera;185.145.160.0/22
cz.eurosignal;77.240.96.0/20
cz.eurosignal;185.115.8.0/22
cz.eurosignal2;45.15.56.0/22
cz.eurosignal3;45.82.156.0/22
cz.ezenetwork;185.38.188.0/22
cz.ezpada;185.134.60.0/22
cz.faster;81.19.0.0/20
cz.faster;85.132.144.0/20
cz.faster;77.240.176.0/20
cz.faster;95.129.96.0/21
cz.fastport;93.190.56.0/21
cz.fastport;46.254.64.0/21
cz.fdlnetcz;149.255.64.0/19
cz.feldsam;185.174.168.0/22
cz.fiber;217.28.80.0/20
cz.fiber;185.153.80.0/22
cz.fiber1;85.209.124.0/22
cz.fibertelecom;146.255.24.0/21
cz.fibertelecom;45.159.108.0/22
cz.fibertelecom;185.159.89.0/24
cz.fixnet;178.248.56.0/21
cz.fixnet;185.22.236.0/22
cz.fixprozs;185.214.116.0/22
cz.flowmon;5.180.196.0/22
cz.fortion;185.175.84.0/22
cz.fortion;185.189.32.0/22
cz.fortuna-game;185.135.144.0/22
cz.fortunahr;185.192.122.0/23
cz.fortunahr;80.249.133.0/24
cz.fortunapl;185.172.116.0/22
cz.fortunaro;185.192.120.0/23
cz.fortunask;185.166.52.0/22
cz.foxconn;91.132.232.0/22
cz.frode;185.16.251.0/24
cz.fryzl;45.82.232.0/22
cz.fusion;188.240.1.0/24
cz.fusion;185.138.188.0/22
cz.futurenetcz;185.59.120.0/22
cz.futurnet;185.25.95.0/24
cz.g2-altos;92.119.64.0/22
cz.g2server;185.155.128.0/22
cz.gasnet;89.250.96.0/21
cz.gdnet;46.253.96.0/20
cz.generalnet;185.199.84.0/22
cz.giganet-stetina;185.21.220.0/22
cz.gity;217.64.0.0/20
cz.gity;185.52.96.0/22
cz.global;188.95.148.0/22
cz.global;193.38.252.0/22
cz.global;152.89.168.0/23
cz.global;217.64.152.0/22
cz.global;45.66.52.0/22
cz.global;2.58.204.0/22
cz.global;5.181.244.0/22
cz.global;45.12.24.0/22
cz.global;45.89.88.0/22
cz.global;45.132.148.0/22
cz.global;45.132.160.0/22
cz.global;45.141.248.0/22
cz.global;45.143.240.0/22
cz.global;193.53.252.0/23
cz.global;193.56.12.0/23
cz.globe;81.95.96.0/20
cz.globe;31.15.8.0/21
cz.globe;185.12.196.0/22
cz.globe;45.81.42.0/23
cz.globecorp;45.135.152.0/22
cz.gradace;93.89.144.0/20
cz.gransy;185.28.192.0/22
cz.gransy;185.38.108.0/22
cz.gransy;185.82.212.0/22
cz.grapesc;147.161.28.0/22
cz.grapesc;217.75.208.0/20
cz.grapesc;93.91.144.0/20
cz.grapesc;78.111.112.0/20
cz.grapesc;109.235.0.0/21
cz.grapesc;46.29.224.0/21
cz.grapesc;37.221.240.0/20
cz.grapesc;185.15.108.0/22
cz.grapesc;185.19.0.0/22
cz.grapesc;185.52.172.0/23
cz.grapesc;185.64.220.0/22
cz.grapesc;185.73.100.0/22
cz.grapesc;185.73.104.0/22
cz.grapesc;185.73.108.0/22
cz.grapesc;185.74.60.0/23
cz.grapesc;185.99.176.0/22
cz.grapesc;185.115.180.0/22
cz.grapesc;185.116.48.0/22
cz.grapesc;185.125.128.0/22
cz.grapesc;185.151.172.0/22
cz.grapesc;185.167.184.0/22
cz.grapesc;185.188.100.0/22
cz.grapesc;5.39.200.0/22
cz.grapesc;85.255.88.0/22
cz.grapesc;193.104.7.0/24
cz.grapesc;193.104.12.0/24
cz.grapesc;193.104.41.0/24
cz.grapesc;193.104.67.0/24
cz.grepa;85.119.88.0/21
cz.grepa;89.239.0.0/19
cz.gtt;46.36.32.0/19
cz.h17;45.90.100.0/22
cz.ha-vel;217.66.160.0/20
cz.ha-vel;217.66.176.0/20
cz.ha-vel;81.30.224.0/19
cz.ha-vel;213.195.192.0/18
cz.ha-vel;93.185.48.0/20
cz.ha-vel;95.173.64.0/19
cz.ha-vel;109.238.32.0/20
cz.ha-vel;45.146.108.0/22
cz.happy;185.133.56.0/22
cz.hbo;185.139.216.0/23
cz.hboeurope;185.139.218.0/23
cz.hboeurope;212.46.44.0/24
cz.hcn;185.68.216.0/22
cz.hcnet;185.124.65.0/24
cz.hdata;185.137.124.0/22
cz.helapc;148.59.93.0/24
cz.helapc;94.140.25.0/24
cz.helapc;185.60.104.0/22
cz.heureka;185.68.68.0/22
cz.hkexpo;176.97.201.0/24
cz.hkfree;89.248.240.0/20
cz.hkfree;185.110.204.0/22
cz.hnojnik;185.158.64.0/22
cz.horalnet;185.221.124.0/22
cz.host-telecom;188.124.56.0/21
cz.host-telecom;176.74.216.0/21
cz.host-telecom;158.255.32.0/21
cz.host-telecom;5.43.224.0/21
cz.host-telecom;91.241.168.0/21
cz.host-telecom;185.8.56.0/22
cz.hostujto;87.249.128.0/21
cz.hostujto;87.249.136.0/22
cz.hostujto;178.249.208.0/21
cz.hostujto;185.24.8.0/22
cz.hostujto;185.80.30.0/24
cz.hovnet-servis;193.108.20.0/24
cz.hovnet-servis;193.108.25.0/24
cz.hovnet-servis;193.108.26.0/24
cz.hovnet-servis;193.108.178.0/24
cz.hvfreenet;193.104.252.0/24
cz.hvfreenet;193.105.28.0/24
cz.hvfreenet;193.105.58.0/24
cz.hvfreenet;193.105.81.0/24
cz.i2net;185.86.96.0/22
cz.icewarp;185.119.216.0/22
cz.ict;185.65.92.0/22
cz.ict;185.78.100.0/22
cz.ict;185.138.244.0/22
cz.ict;185.146.148.0/22
cz.ict;37.221.88.0/22
cz.ict;193.168.244.0/22
cz.ictsupport;185.228.164.0/22
cz.igloonet;185.50.228.0/22
cz.ign;185.219.60.0/22
cz.ignum;217.31.48.0/20
cz.ignum;62.109.128.0/19
cz.ignum;130.193.8.0/21
cz.ignum;37.46.80.0/21
cz.ignum;171.33.136.0/21
cz.ignum;185.100.92.0/22
cz.ignum;185.102.20.0/22
cz.ignum;185.102.76.0/22
cz.ignum;185.123.128.0/22
cz.ignum;185.183.8.0/22
cz.ignum;213.109.164.0/22
cz.ijc;78.110.208.0/20
cz.ijc;95.85.192.0/18
cz.ijc;31.41.200.0/21
cz.ijc;185.24.20.0/22
cz.ineracz;185.160.208.0/22
cz.ineracz;45.129.104.0/22
cz.inet4;93.91.48.0/20
cz.inext;212.111.0.0/19
cz.inext;85.92.32.0/19
cz.inext;77.92.192.0/19
cz.inext;188.244.48.0/20
cz.inext;37.9.192.0/21
cz.inext;91.109.32.0/21
cz.inext;185.157.196.0/22
cz.infos;46.33.96.0/19
cz.infos;185.78.56.0/22
cz.inftele;185.186.0.0/23
cz.inftele;37.221.68.0/22
cz.inftele;45.87.116.0/22
cz.innc;45.81.92.0/22
cz.interconnect;185.14.232.0/22
cz.internet;195.181.208.0/20
cz.internet;81.2.192.0/18
cz.internet;185.28.100.0/22
cz.internet;185.129.136.0/22
cz.internetmall;92.43.56.0/21
cz.intraweb;185.159.168.0/22
cz.ip4isp;188.120.192.0/19
cz.ip4isp;176.62.224.0/20
cz.ip4isp;185.172.252.0/22
cz.ipexnet;212.71.128.0/19
cz.ipexnet;212.71.160.0/19
cz.ipexnet;213.168.160.0/20
cz.ipexnet;85.132.136.0/21
cz.ipexnet;85.132.160.0/19
cz.ipexnet;79.127.128.0/17
cz.ipnet;212.20.64.0/19
cz.ipnode;185.149.128.0/22
cz.ipnode;185.161.252.0/22
cz.ipnode;185.181.56.0/22
cz.ipnode;185.204.16.0/22
cz.ipnode;185.217.232.0/22
cz.ipnode;185.220.28.0/22
cz.ipnode;193.16.12.0/22
cz.ipnode;194.39.68.0/22
cz.ipnode;80.254.232.0/22
cz.ipnode;80.254.236.0/22
cz.ipnode;193.9.36.0/22
cz.ipnode;193.9.40.0/22
cz.ipnode;192.144.52.0/22
cz.ipnode;193.187.168.0/22
cz.ipnode;45.83.112.0/22
cz.iregistry;37.221.116.0/22
cz.iregistry;193.33.140.0/23
cz.iregistry;193.33.162.0/23
cz.ise;185.47.176.0/22
cz.itomb;185.154.60.0/22
cz.its;94.247.32.0/21
cz.its;185.21.160.0/22
cz.itservices;185.73.220.0/22
cz.itservices;185.149.132.0/22
cz.itservices;185.213.88.0/22
cz.itservices;45.84.28.0/22
cz.ivohazmuk;185.135.20.0/22
cz.jaronet-services;46.252.224.0/20
cz.jaronet-services;185.168.140.0/24
cz.jaw;77.95.40.0/21
cz.jaw;89.187.192.0/21
cz.jaw;185.45.136.0/22
cz.jetbrains;91.132.204.0/22
cz.jetsystems;85.93.160.0/19
cz.jetsystems;178.22.112.0/21
cz.jetsystems;185.63.24.0/22
cz.jetsystems;185.184.252.0/22
cz.jhcomp;178.23.216.0/21
cz.jimmynet;185.211.188.0/22
cz.jiritlapak;185.87.140.0/22
cz.jiritlapak;185.243.172.0/22
cz.jmnet;185.47.220.0/22
cz.jmnet;185.91.168.0/22
cz.jon;188.75.128.0/18
cz.jon;185.52.174.0/23
cz.jon;185.144.176.0/22
cz.jumpshot;185.210.164.0/22
cz.k-net;80.83.64.0/20
cz.k-net;185.143.112.0/22
cz.k2atmitec;178.248.8.0/21
cz.k2atmitec;185.159.132.0/22
cz.kabelservis;185.186.248.0/22
cz.kabelservis;185.212.12.0/22
cz.kajot;185.252.196.0/22
cz.kaora;185.99.68.0/22
cz.kazacz;185.108.120.0/22
cz.kazacz;176.53.188.0/22
cz.kcgspol;185.193.100.0/22
cz.khnet;109.73.208.0/20
cz.khnet;185.122.40.0/22
cz.kleissner;185.185.216.0/22
cz.kleissner2;185.190.89.0/24
cz.kleissner3;185.194.12.0/24
cz.klfree;81.201.48.0/20
cz.klfree;78.108.96.0/20
cz.klfree;212.79.96.0/20
cz.klfree;31.47.96.0/20
cz.klfree;5.104.16.0/21
cz.klfree;185.99.64.0/22
cz.komplet;185.241.220.0/22
cz.kontraxft;89.190.128.0/22
cz.kontraxft;176.118.170.0/23
cz.kooperativa;185.74.204.0/22
cz.kooperativa;185.52.216.0/22
cz.kpnet;89.31.40.0/21
cz.kpnet;185.173.248.0/22
cz.kr-zlinsky;185.150.124.0/22
cz.krajvysocina;185.140.236.0/22
cz.ktct;82.144.128.0/19
cz.ktk;213.194.192.0/20
cz.ktk;213.194.208.0/22
cz.ktk;185.163.40.0/22
cz.kvados;109.233.160.0/21
cz.kvesro;46.183.64.0/21
cz.lajsinet;185.211.108.0/22
cz.lam-plus;80.92.240.0/20
cz.lanserviscz;109.69.208.0/21
cz.lbcfree;185.193.84.0/22
cz.libereckykraj;185.89.116.0/22
cz.libli;217.197.144.0/20
cz.libli;80.87.176.0/20
cz.libli;80.251.240.0/20
cz.libli;88.81.64.0/19
cz.libli;91.187.32.0/19
cz.libli;77.95.192.0/21
cz.libli;92.61.80.0/20
cz.libli;93.92.48.0/21
cz.libli;80.90.128.0/20
cz.libli;217.170.96.0/20
cz.libli;178.17.80.0/20
cz.libli;217.196.112.0/20
cz.libli;46.183.56.0/21
cz.libli;46.231.72.0/21
cz.libli;176.102.128.0/19
cz.libli;93.93.32.0/21
cz.libli;185.82.236.0/22
cz.libli;185.157.240.0/22
cz.libli;193.42.128.0/22
cz.libli;80.78.136.0/22
cz.libli;80.79.0.0/22
cz.libli;80.243.236.0/22
cz.libli;188.119.96.0/22
cz.likemedia;37.77.145.0/24
cz.lirnetart;188.130.224.0/21
cz.lirnetart;109.248.16.0/20
cz.lirnetart;46.8.96.0/21
cz.lirnetart;46.8.112.0/20
cz.lirnetart;46.8.176.0/21
cz.lirnetart;46.8.194.0/23
cz.lirnetart;46.8.196.0/22
cz.lirnetart;46.8.200.0/22
cz.lirnetart;45.134.216.0/22
cz.logicprim;185.134.160.0/22
cz.longredi;185.31.36.0/22
cz.luckynet;45.15.41.0/24
cz.luminet;213.109.172.0/22
cz.luminet2;185.94.4.0/22
cz.luzrnet;86.111.213.0/24
cz.lysafree;185.190.112.0/22
cz.m-soft;213.226.224.0/19
cz.m-soft;89.31.160.0/21
cz.m-soft;79.141.240.0/20
cz.m-soft;185.133.144.0/22
cz.m-wifi;212.119.36.0/22
cz.mach3net;185.53.4.0/22
cz.mafra-cz;185.17.116.0/22
cz.magnalink;188.122.192.0/19
cz.mailkit;185.136.200.0/22
cz.marcomeko;46.16.120.0/21
cz.master;81.31.32.0/20
cz.master;80.79.16.0/20
cz.master;89.185.224.0/19
cz.master;77.93.192.0/19
cz.master;83.167.224.0/19
cz.master;178.238.32.0/20
cz.master;149.62.144.0/21
cz.master;85.118.128.0/21
cz.master;185.58.40.0/22
cz.matrigo;37.44.16.0/20
cz.maxicom-holding;5.252.40.0/22
cz.mazelbiz;193.34.80.0/24
cz.mcfiber;178.211.147.0/24
cz.mcomputers;185.149.204.0/22
cz.memory;193.143.252.0/24
cz.memory;193.143.255.0/24
cz.memory;193.148.1.0/24
cz.memory;193.148.5.0/24
cz.merit-group;46.227.168.0/21
cz.metropolitka;185.236.160.0/22
cz.metropolitni;185.137.144.0/22
cz.mfcr;185.16.180.0/22
cz.mgi;217.112.160.0/20
cz.mgi;217.115.240.0/20
cz.mgi;79.170.248.0/21
cz.mgi;178.20.136.0/21
cz.mgi;131.117.208.0/21
cz.mgi;185.84.232.0/22
cz.miloskozohorsky;62.204.53.0/24
cz.ministry;193.107.67.0/24
cz.miraclenet;185.189.4.0/22
cz.miramo;217.196.208.0/20
cz.miramo;93.95.32.0/21
cz.miramo;217.197.32.0/20
cz.miramo;45.129.24.0/22
cz.miroslavdanecek;185.252.152.0/22
cz.mitt;94.229.80.0/20
cz.mitt;185.92.216.0/22
cz.mladafronta;5.198.132.0/22
cz.mnet;109.224.64.0/18
cz.modralog;185.167.253.0/24
cz.moneroj;45.153.160.0/22
cz.mopos;212.90.224.0/19
cz.mopos;213.235.64.0/18
cz.mopos;82.202.0.0/18
cz.mopos;185.193.128.0/22
cz.moravanynet;185.140.112.0/22
cz.moravanynet;185.233.217.0/24
cz.moravia-it;80.65.176.0/20
cz.moravskoslezsky;45.93.152.0/22
cz.mraknet2;185.200.108.0/22
cz.mstr;46.234.160.0/19
cz.mtu;45.91.0.0/22
cz.muninet;217.69.96.0/20
cz.mvcr;94.199.40.0/21
cz.mvcr;185.17.212.0/22
cz.mxnet;185.186.160.0/22
cz.mze;185.149.184.0/22
cz.mzelenka;185.71.40.0/22
cz.nam;185.241.240.0/22
cz.navmatix;185.203.84.0/22
cz.nbu;185.48.20.0/22
cz.nbucz;193.37.226.0/23
cz.nbucz;193.37.230.0/23
cz.nej;213.180.32.0/19
cz.nej;217.195.160.0/20
cz.nej;82.150.160.0/19
cz.nej;82.114.192.0/19
cz.nej;86.63.192.0/19
cz.nej;81.200.48.0/20
cz.nej;89.31.8.0/21
cz.nej;77.242.80.0/20
cz.nej;78.108.144.0/21
cz.nej;78.108.152.0/21
cz.nej;78.41.8.0/21
cz.nej;92.240.160.0/19
cz.nej;94.74.192.0/18
cz.nej;94.143.168.0/21
cz.nej;80.243.96.0/20
cz.nej;188.175.0.0/16
cz.nej;95.143.128.0/20
cz.nej;109.72.0.0/20
cz.nej;109.239.64.0/20
cz.nej;178.17.96.0/20
cz.nej;178.72.192.0/18
cz.nej;185.15.252.0/22
cz.nej;185.152.152.0/22
cz.nej;185.191.184.0/22
cz.nej;194.31.216.0/22
cz.nej;194.59.240.0/22
cz.neos;46.23.128.0/20
cz.net-online;92.43.24.0/21
cz.net-online;80.82.192.0/21
cz.net-online;185.7.44.0/22
cz.net3;185.133.196.0/22
cz.netair;79.98.152.0/21
cz.netair;217.29.0.0/20
cz.netart;95.182.64.0/18
cz.netart;188.130.128.0/18
cz.netart;188.130.192.0/19
cz.netart;188.130.232.0/21
cz.netart;188.130.240.0/20
cz.netart;109.248.3.0/24
cz.netart;109.248.4.0/22
cz.netart;109.248.8.0/21
cz.netart;109.248.32.0/19
cz.netart;109.248.64.0/18
cz.netart;109.248.128.0/18
cz.netart;109.248.192.0/20
cz.netart;109.248.208.0/21
cz.netart;109.248.216.0/24
cz.netart;109.248.218.0/23
cz.netart;109.248.220.0/22
cz.netart;109.248.224.0/19
cz.netart;46.8.4.0/22
cz.netart;46.8.8.0/21
cz.netart;46.8.16.0/20
cz.netart;46.8.32.0/19
cz.netart;46.8.64.0/19
cz.netart;46.8.104.0/21
cz.netart;46.8.128.0/19
cz.netart;46.8.160.0/20
cz.netart;46.8.184.0/21
cz.netart;46.8.192.0/23
cz.netart;46.8.204.0/22
cz.netart;46.8.208.0/20
cz.netart;46.8.224.0/19
cz.netart;185.17.64.0/22
cz.netbox;83.240.0.0/17
cz.netbox;95.82.128.0/18
cz.netbox;46.39.160.0/19
cz.netbox;185.51.240.0/22
cz.netconnect;31.192.64.0/19
cz.netconnect;45.129.156.0/22
cz.netcoreservices;85.92.96.0/22
cz.netcoreservices;194.31.188.0/22
cz.netcraftsolutions;185.88.72.0/22
cz.netdatacomm;176.74.128.0/19
cz.netdatacomm;193.200.244.0/24
cz.netdatacomm;193.200.246.0/24
cz.netdatacomm;193.200.251.0/24
cz.netdatacomm;193.200.252.0/24
cz.netio;188.213.234.0/23
cz.netio;188.215.18.0/23
cz.netio;185.25.184.0/22
cz.netjosefov;185.176.136.0/22
cz.netlancers;109.233.72.0/21
cz.netsearch-cc;193.39.188.0/22
cz.netsearch-cc;192.144.44.0/22
cz.netsearch-cc;45.137.128.0/22
cz.netsearch-cc;45.147.164.0/22
cz.netservice;185.224.214.0/24
cz.netstone;185.218.92.0/22
cz.nettle;195.12.39.0/24
cz.networks;185.63.104.0/22
cz.newmind;212.18.101.0/24
cz.newtel;78.41.16.0/21
cz.newtel;92.63.48.0/20
cz.ngaservices;185.148.172.0/22
cz.nic;217.31.192.0/20
cz.nic;185.43.132.0/22
cz.nikolaj;194.26.239.0/24
cz.nikolaj1;193.111.175.0/24
cz.nikolaj2;212.23.218.0/24
cz.nikolaj3;146.19.255.0/24
cz.nikolaj5;185.187.17.0/24
cz.nikolaj6;212.46.53.0/24
cz.nix;93.190.128.0/21
cz.nix;91.207.230.0/23
cz.nix;91.207.234.0/23
cz.noel;185.162.24.0/22
cz.noel;185.194.44.0/22
cz.noel;185.195.84.0/22
cz.noel;185.195.224.0/22
cz.noel;185.242.72.0/22
cz.nordictelecom;213.250.192.0/18
cz.nordictelecom;213.19.0.0/17
cz.nordictelecom;78.136.128.0/18
cz.nordictelecom;213.155.32.0/19
cz.nordictelecom;94.241.64.0/18
cz.nordictelecom;109.108.96.0/19
cz.nordictelecom;31.10.56.0/21
cz.nordictelecom;5.102.48.0/20
cz.nordictelecom;185.78.12.0/22
cz.nordictelecom;185.108.60.0/22
cz.nordictelecom;45.159.116.0/22
cz.nsys;89.190.64.0/19
cz.ntscomputer;91.240.46.0/24
cz.ntvcable;185.235.48.0/22
cz.ntx;185.232.168.0/22
cz.ntx;185.233.80.0/22
cz.ntx;185.233.200.0/22
cz.ntx;185.244.172.0/22
cz.ntx;185.252.144.0/22
cz.ntx;185.255.132.0/22
cz.ntx;193.238.44.0/24
cz.ntxn;45.83.124.0/22
cz.ntxn;45.83.132.0/22
cz.ntxn;45.83.136.0/22
cz.ntxn;45.83.144.0/22
cz.ntxn;45.83.152.0/22
cz.ntxn;45.139.36.0/22
cz.ntxn;45.139.44.0/22
cz.ntxn;45.139.56.0/22
cz.ntxn;45.139.64.0/22
cz.ntxn;45.156.44.0/22
cz.ntxn;45.158.88.0/22
cz.ntxn;194.180.110.0/24
cz.ntxn;194.180.115.0/24
cz.ntxn;194.180.150.0/24
cz.ntxn;194.180.154.0/24
cz.nwtbooks;185.111.96.0/22
cz.ofx;185.99.116.0/22
cz.omegaplus;213.226.208.0/20
cz.omegaplus;94.143.232.0/21
cz.omegaplus;185.133.100.0/22
cz.omnitel;91.196.40.0/22
cz.onehostplanet;2.59.220.0/22
cz.onlinex;194.107.72.0/22
cz.opavanet;213.155.224.0/19
cz.optetnetwork;185.136.196.0/22
cz.optonet;78.156.128.0/19
cz.optonet;185.85.92.0/22
cz.oriflame-sw;94.124.248.0/21
cz.orkasystems;46.228.16.0/20
cz.orkasystems;185.174.92.0/22
cz.oskarmobil;62.24.64.0/19
cz.oskarmobil;217.77.160.0/20
cz.oskarmobil;80.95.96.0/20
cz.oskarmobil;62.245.64.0/18
cz.oskarmobil;81.27.192.0/20
cz.oskarmobil;80.95.112.0/20
cz.oskarmobil;213.220.192.0/18
cz.oskarmobil;62.240.160.0/19
cz.oskarmobil;82.142.64.0/18
cz.oskarmobil;84.242.64.0/18
cz.oskarmobil;84.42.128.0/17
cz.oskarmobil;213.192.0.0/18
cz.oskarmobil;86.49.0.0/16
cz.oskarmobil;88.146.128.0/17
cz.oskarmobil;89.102.0.0/15
cz.oskarmobil;89.176.0.0/15
cz.oskarmobil;77.48.0.0/16
cz.oskarmobil;78.44.0.0/15
cz.oskarmobil;78.102.0.0/16
cz.oskarmobil;93.99.0.0/16
cz.oskarmobil;93.90.160.0/20
cz.oskarmobil;94.112.0.0/15
cz.oskarmobil;188.95.120.0/21
cz.oskarmobil;109.107.192.0/19
cz.oskarmobil;178.77.192.0/18
cz.oskarmobil;46.135.0.0/16
cz.oskarmobil;46.167.192.0/18
cz.oskarmobil;31.30.0.0/16
cz.oskarmobil;31.169.128.0/17
cz.oskarmobil;141.170.128.0/18
cz.oskarmobil;185.188.184.0/22
cz.oslavany-net;185.5.224.0/22
cz.ovanetwork;81.91.208.0/20
cz.ovanetwork;185.181.184.0/22
cz.pamico;85.132.128.0/21
cz.pamico;185.147.248.0/22
cz.pardubickykraj;185.166.108.0/22
cz.pckbnet;185.175.220.0/22
cz.pe3ny;94.142.232.0/21
cz.pe3ny;178.248.248.0/21
cz.pe3ny;37.143.112.0/21
cz.pe3ny;185.75.116.0/22
cz.peernet;185.254.123.0/24
cz.pernix;185.136.108.0/22
cz.pghub;185.197.144.0/22
cz.pghub;45.91.180.0/22
cz.pilsfree;185.118.80.0/22
cz.pilsfreeservis;185.112.28.0/22
cz.planet-a;217.30.64.0/20
cz.planet-a;109.238.208.0/20
cz.planet-a;185.248.176.0/22
cz.plzenskykraj;185.68.28.0/22
cz.plzenskykraj;185.88.12.0/22
cz.poda;193.165.0.0/16
cz.poda;62.129.32.0/19
cz.poda;213.216.32.0/19
cz.poda;82.209.0.0/18
cz.poda;84.16.96.0/19
cz.poda;84.21.96.0/19
cz.poda;85.135.0.0/17
cz.poda;86.61.128.0/17
cz.poda;89.29.0.0/17
cz.poda;93.181.64.0/18
cz.poda;94.242.64.0/18
cz.poda;188.134.128.0/17
cz.poda;78.157.128.0/19
cz.poda;46.47.128.0/18
cz.poda;31.28.128.0/19
cz.poda;164.215.112.0/20
cz.poda;176.227.248.0/21
cz.poda;212.109.176.0/20
cz.poda;5.53.8.0/21
cz.poda;91.106.240.0/20
cz.poda;128.0.176.0/20
cz.poda;185.5.68.0/22
cz.popeservis;45.84.164.0/22
cz.position;185.70.24.0/22
cz.pragmatel;185.100.196.0/22
cz.praha12com;193.41.154.0/23
cz.praha12com;193.41.212.0/23
cz.pranetsro;185.156.120.0/22
cz.pre;94.124.40.0/21
cz.prestonet;185.249.112.0/22
cz.primestudio;193.200.243.0/24
cz.pro-line;185.231.236.0/22
cz.profisms;37.140.220.0/24
cz.prozeta;95.173.200.0/21
cz.prozeta;95.173.208.0/20
cz.prozeta;185.2.40.0/22
cz.prozeta;185.111.108.0/22
cz.pvfreenet;185.138.44.0/22
cz.qrator;185.104.208.0/22
cz.qtc;185.66.8.0/22
cz.quadruple;193.56.11.0/24
cz.radiomobil;193.85.0.0/16
cz.radiomobil;193.86.0.0/16
cz.radiomobil;194.108.0.0/19
cz.radiomobil;194.108.64.0/18
cz.radiomobil;194.108.128.0/17
cz.radiomobil;194.108.32.0/19
cz.radiomobil;193.179.0.0/16
cz.radiomobil;194.212.0.0/16
cz.radiomobil;194.213.192.0/19
cz.radiomobil;194.213.32.0/19
cz.radiomobil;195.70.128.0/19
cz.radiomobil;195.39.0.0/17
cz.radiomobil;195.47.0.0/17
cz.radiomobil;195.144.96.0/19
cz.radiomobil;62.168.0.0/18
cz.radiomobil;195.22.32.0/19
cz.radiomobil;212.47.0.0/19
cz.radiomobil;212.67.64.0/19
cz.radiomobil;212.65.192.0/19
cz.radiomobil;212.65.224.0/19
cz.radiomobil;213.210.128.0/18
cz.radiomobil;62.84.128.0/19
cz.radiomobil;62.141.0.0/19
cz.radiomobil;194.149.96.0/19
cz.radiomobil;62.77.64.0/18
cz.radiomobil;62.209.192.0/18
cz.radiomobil;213.29.0.0/16
cz.radiomobil;80.95.240.0/20
cz.radiomobil;89.233.128.0/18
cz.radiomobil;89.24.0.0/17
cz.radiomobil;78.80.0.0/17
cz.radiomobil;78.80.128.0/17
cz.radiomobil;89.24.128.0/17
cz.radiomobil;91.139.0.0/17
cz.radiomobil;93.153.0.0/17
cz.radiomobil;109.183.0.0/16
cz.radiomobil;109.75.144.0/20
cz.radiomobil;46.13.0.0/16
cz.radiomobil;37.48.0.0/18
cz.radiomobil;185.14.188.0/22
cz.raiffeisenbank;185.250.72.0/22
cz.rco;94.124.184.0/21
cz.relcom;193.124.0.0/24
cz.relcom;193.124.2.0/23
cz.relcom;193.124.4.0/22
cz.relcom;193.124.8.0/23
cz.relcom;193.124.15.0/24
cz.relcom;193.124.16.0/22
cz.relcom;193.124.22.0/23
cz.relcom;193.124.24.0/24
cz.relcom;193.124.30.0/24
cz.relcom;193.124.33.0/24
cz.relcom;193.124.34.0/23
cz.relcom;193.124.36.0/24
cz.relcom;193.124.40.0/23
cz.relcom;193.124.42.0/24
cz.relcom;193.124.44.0/22
cz.relcom;193.124.49.0/24
cz.relcom;193.124.50.0/24
cz.relcom;193.124.55.0/24
cz.relcom;193.124.56.0/22
cz.relcom;193.124.60.0/24
cz.relcom;193.124.64.0/22
cz.relcom;193.124.80.0/24
cz.relcom;193.124.88.0/21
cz.relcom;193.124.112.0/22
cz.relcom;193.124.117.0/24
cz.relcom;193.124.118.0/23
cz.relcom;193.124.121.0/24
cz.relcom;193.124.124.0/23
cz.relcom;193.124.128.0/22
cz.relcom;193.124.133.0/24
cz.relcom;193.124.158.0/23
cz.relcom;193.124.200.0/21
cz.relcom;193.124.224.0/22
cz.relcom;193.124.254.0/24
cz.relcom;194.58.31.0/24
cz.relcom;194.58.32.0/23
cz.relcom;194.58.34.0/24
cz.relcom;194.58.36.0/22
cz.relcom;194.58.40.0/21
cz.relcom;194.58.56.0/22
cz.relcom;194.58.60.0/23
cz.relcom;194.58.66.0/23
cz.relcom;194.58.68.0/22
cz.relcom;194.58.82.0/23
cz.relcom;194.58.154.0/23
cz.relcom;194.58.222.0/23
cz.relcom;194.58.241.0/24
cz.relcom;194.58.246.0/24
cz.relcom;194.85.248.0/22
cz.relcom;194.87.0.0/17
cz.relcom;194.87.128.0/17
cz.relcom;194.135.1.0/24
cz.relcom;194.135.2.0/24
cz.relcom;194.135.16.0/23
cz.relcom;194.135.18.0/24
cz.relcom;194.135.20.0/24
cz.relcom;194.135.22.0/23
cz.relcom;194.135.24.0/23
cz.relcom;194.135.30.0/24
cz.relcom;194.135.32.0/21
cz.relcom;194.135.44.0/23
cz.relcom;194.135.46.0/24
cz.relcom;194.135.104.0/23
cz.relcom;194.135.119.0/24
cz.relcom;194.135.124.0/24
cz.relcom;195.133.0.0/18
cz.relcom;195.133.64.0/19
cz.relcom;195.133.144.0/22
cz.relcom;195.133.192.0/21
cz.relcom;195.133.200.0/23
cz.relcom;62.76.224.0/20
cz.relcom;195.58.32.0/19
cz.relcom;212.192.0.0/19
cz.relcom;212.192.208.0/20
cz.relcom;212.192.240.0/20
cz.relcom;212.193.0.0/19
cz.relcom;185.72.8.0/22
cz.relcom;193.108.112.0/22
cz.relcom-2;212.52.7.0/24
cz.relcom-3;146.19.122.0/24
cz.relcom-4;95.215.8.0/24
cz.reteinternet;78.156.32.0/19
cz.rpsnet;185.133.188.0/22
cz.rsd;185.240.220.0/22
cz.rudolf;185.138.68.0/22
cz.rwesystems;89.250.104.0/21
cz.rychlydrat;185.159.28.0/22
cz.sa;185.94.52.0/22
cz.safedx;185.173.148.0/22
cz.saocomp;31.222.0.0/20
cz.saocomp;185.150.212.0/22
cz.satannet;176.222.224.0/21
cz.satt;31.31.224.0/19
cz.satt;91.224.64.0/23
cz.satt;91.224.100.0/23
cz.sauron;176.12.112.0/20
cz.sberbank;185.45.124.0/22
cz.scancom;193.203.104.0/24
cz.scarfbot;185.132.112.0/22
cz.securitynet-cz;176.102.64.0/22
cz.selectsystem;188.116.64.0/18
cz.selfnet;212.96.160.0/19
cz.selfnet;213.211.32.0/19
cz.selfnet;80.78.144.0/20
cz.selfnet;88.83.224.0/19
cz.selfnet;89.190.40.0/21
cz.selfnet;89.190.48.0/20
cz.selfnet;212.4.128.0/19
cz.selfnet;109.105.32.0/19
cz.selfnet;185.8.188.0/22
cz.seonet;185.66.36.0/22
cz.serverzone;185.216.220.0/22
cz.seznam;77.75.72.0/21
cz.seznam;185.66.188.0/22
cz.seznamdc;185.101.220.0/22
cz.sferia;185.147.44.0/22
cz.sferia;185.243.124.0/22
cz.sgs;78.24.232.0/21
cz.silesnet;78.157.160.0/19
cz.simpleway;185.13.87.0/24
cz.sitel;89.250.240.0/20
cz.sitel;185.162.200.0/22
cz.sitepark;185.194.68.0/22
cz.sitkom;109.164.0.0/17
cz.sitkom;185.131.60.0/22
cz.sitmp;185.153.192.0/22
cz.skoda-ict;185.50.124.0/22
cz.sn;185.85.164.0/22
cz.softexncp;213.129.128.0/19
cz.softexncp;95.129.240.0/21
cz.softexncp;45.85.172.0/22
cz.southpraguenet;185.87.61.0/24
cz.spc-net;194.93.12.0/22
cz.spcom;185.250.172.0/22
cz.spcss;5.145.104.0/21
cz.speednet;188.92.8.0/21
cz.speednet;46.30.144.0/21
cz.speednet;185.44.188.0/22
cz.splynx10;37.77.149.0/24
cz.splynx11;91.237.87.0/24
cz.splynx12;88.151.9.0/24
cz.splynx13;130.193.0.0/24
cz.splynx14;194.69.166.0/24
cz.splynx15;79.110.225.0/24
cz.splynx16;194.26.226.0/24
cz.splynx17;213.109.194.0/24
cz.splynx18;62.106.79.0/24
cz.splynx19;176.97.196.0/24
cz.splynx2;45.14.16.0/22
cz.splynx20;194.26.196.0/24
cz.splynx21;62.3.49.0/24
cz.splynx22;146.19.173.0/24
cz.splynx23;45.132.2.0/24
cz.splynx24;62.68.94.0/24
cz.splynx25;80.91.220.0/24
cz.splynx26;212.46.62.0/24
cz.splynx4;45.156.112.0/22
cz.splynx5;45.138.220.0/22
cz.splynx5;185.14.98.0/24
cz.splynx6;185.104.188.0/24
cz.splynx7;185.182.106.0/24
cz.splynx8;194.26.19.0/24
cz.splynx9;194.150.77.0/24
cz.spolekkrivonet;185.159.92.0/22
cz.starnet;92.62.224.0/20
cz.starnet;178.255.168.0/21
cz.starnet;185.15.144.0/22
cz.starnet;45.92.236.0/22
cz.stencz;185.97.24.0/22
cz.stepan;185.203.156.0/22
cz.stepgrade;109.107.158.0/24
cz.stream-it;185.164.68.0/22
cz.suas;5.1.56.0/21
cz.suas;92.119.116.0/22
cz.sukl;46.30.88.0/21
cz.sukl;185.187.140.0/22
cz.supernetwork;88.86.96.0/19
cz.supernetwork;95.168.192.0/19
cz.supernetwork;46.234.96.0/19
cz.supernetwork;37.235.96.0/20
cz.supro-net;94.125.216.0/21
cz.supro-net;31.177.24.0/21
cz.sychrovnet;93.89.96.0/20
cz.sychrovnet;188.246.96.0/19
cz.sychrovnet;185.152.100.0/22
cz.sys-datacom;79.98.72.0/21
cz.sys-datacom;185.4.200.0/22
cz.systea;185.242.156.0/22
cz.tanet3;185.201.12.0/22
cz.tcpisek;185.22.96.0/22
cz.techcenter;185.186.252.0/22
cz.techcomnet;109.231.128.0/18
cz.techcomnet;185.83.56.0/22
cz.techkeeper;152.89.72.0/22
cz.teleconnect;185.108.126.0/24
cz.telefonzentrale;185.220.220.0/22
cz.telefonzentrale;45.82.152.0/22
cz.ten-34;195.178.64.0/19
cz.ten-34;195.113.0.0/16
cz.ten-34;78.128.128.0/17
cz.ten-34;185.8.160.0/22
cz.terms;185.18.28.0/22
cz.tetanet;109.202.64.0/19
cz.tetanet;159.253.232.0/21
cz.tetanet;185.116.76.0/22
cz.tfnetsro;94.127.128.0/21
cz.tfnetsro;178.21.184.0/21
cz.tfnetsro;185.135.4.0/22
cz.thinksmart;185.201.232.0/22
cz.tkcsystem;185.252.88.0/22
cz.tkrjasek;213.194.212.0/22
cz.tkrjasek;213.194.216.0/21
cz.tkrjasek;213.194.224.0/19
cz.tkrjasek;185.163.180.0/22
cz.tkrjasek;45.130.248.0/22
cz.tlap;185.178.172.0/22
cz.touskovnet;185.7.20.0/22
cz.tp;193.36.179.0/24
cz.tp;193.36.185.0/24
cz.tp;193.36.187.0/24
cz.tp;193.36.227.0/24
cz.trionet;217.168.208.0/20
cz.trionet;46.30.232.0/21
cz.trionet;185.22.124.0/22
cz.trustica;91.146.120.0/21
cz.tsb;192.145.104.0/22
cz.ttc;46.226.16.0/21
cz.ttnet;62.204.224.0/19
cz.ttnet;87.249.140.0/22
cz.ttnet;87.249.144.0/20
cz.ucone;193.162.29.0/24
cz.ulti-tech;185.21.196.0/22
cz.un;46.23.48.0/20
cz.un;5.152.132.0/22
cz.un;185.17.100.0/22
cz.un;185.68.164.0/22
cz.un;185.70.216.0/22
cz.un;185.71.232.0/22
cz.un;185.74.62.0/23
cz.un;45.139.88.0/22
cz.unartel;185.69.68.0/22
cz.unhfreenet;185.51.248.0/22
cz.unhfreenet;185.84.152.0/22
cz.unient;217.169.176.0/20
cz.unient;31.186.184.0/21
cz.uunet;62.40.64.0/19
cz.uunet;81.28.16.0/20
cz.uvt;178.17.0.0/20
cz.uvt;185.63.96.0/22
cz.uvt;78.24.96.0/22
cz.uvt;5.181.92.0/22
cz.uvt;45.85.252.0/22
cz.uvt;45.91.28.0/22
cz.valvera;185.59.0.0/22
cz.vasemedia;185.250.232.0/22
cz.vejnetcz;185.151.252.0/22
cz.viasat;194.53.128.0/23
cz.viasat;194.53.214.0/23
cz.vinaricenet;176.118.168.0/23
cz.virtis;185.9.116.0/22
cz.visonet;185.183.72.0/22
cz.visonet;194.63.152.0/22
cz.visonet;45.158.224.0/22
cz.vissado;91.230.247.0/24
cz.vissado;91.231.188.0/22
cz.vissado;45.140.24.0/22
cz.vissado;45.140.40.0/22
cz.vissado;45.145.220.0/22
cz.visual;91.103.160.0/21
cz.visual;94.124.104.0/21
cz.visual;185.160.20.0/22
cz.vitalativ;109.232.144.0/21
cz.vitsol;176.67.224.0/21
cz.vitsol;185.10.236.0/22
cz.vivoconnection;185.219.164.0/22
cz.vlasimnet;185.75.136.0/22
cz.vlasimnet;185.203.44.0/22
cz.vpsarea;45.81.96.0/22
cz.vpsfree;37.205.8.0/21
cz.vpsfree;185.8.164.0/22
cz.vpsfree;45.142.48.0/22
cz.vratislav;185.246.148.0/22
cz.vshosting;78.24.8.0/21
cz.vshosting;93.185.96.0/20
cz.vshosting;217.16.176.0/20
cz.vshosting;178.251.184.0/21
cz.vshosting;46.243.48.0/21
cz.vshosting;185.14.252.0/22
cz.vshosting;185.59.208.0/22
cz.vshosting;185.64.216.0/22
cz.vshosting;185.115.0.0/22
cz.vutbrnet;147.229.0.0/16
cz.vutbrnet;185.62.108.0/22
cz.vybezeknet;193.34.236.0/22
cz.wagpayment;45.8.40.0/22
cz.warnet;93.187.104.0/21
cz.warnet;185.115.72.0/22
cz.web4ce;93.190.48.0/21
cz.web4ce;185.7.24.0/22
cz.web4soft;185.67.188.0/22
cz.web4soft;185.151.168.0/22
cz.web4u;81.91.80.0/20
cz.web4u;185.14.224.0/22
cz.wedos;89.221.208.0/20
cz.wedos;46.28.104.0/21
cz.wedos;31.31.72.0/21
cz.wedos;37.157.192.0/21
cz.wedos;185.8.236.0/22
cz.wedos2;45.138.104.0/22
cz.whalebonedns;193.32.92.0/24
cz.wia;80.250.0.0/20
cz.wia;80.250.16.0/20
cz.wia;31.7.240.0/21
cz.wia;185.33.136.0/22
cz.wicnet;37.77.224.0/19
cz.windyghoul;185.215.20.0/22
cz.wms;77.237.128.0/19
cz.wphosting;185.247.28.0/22
cz.zelena;185.146.4.0/22
cz.zentivanet;79.171.184.0/21
cz.zizka;185.126.196.0/22
cz.zizka;185.186.36.0/22
cz.zoner;217.198.112.0/20
cz.zoner;37.46.208.0/21
cz.zoner;81.22.236.0/22
